,amount,borough_name,hood_name,total_crime,Latitude,Longitude,Manhattan_drive_time,Manhattan_subway_time,JFK_airport_drive_time
0,537981.5,BRONX,Baychester,10,40.86685810725274,-73.83579759808124,35.25,76.25,30.016666666666666
1,410292.0,BRONX,Bedford Park,57,40.87018516497537,-73.88551218419138,35.583333333333336,63.48333333333333,33.68333333333333
2,493852.0,BRONX,Belmont,80,40.857277100738976,-73.88845196134812,34.45,51.13333333333333,32.55
3,496198.0,BRONX,Castle Hill,16,40.819014376988356,-73.84802729582742,33.88333333333333,82.43333333333334,29.766666666666666
4,561559.5,BRONX,City Island,4,40.84724670491817,-73.7864884526742,38.68333333333333,75.85,33.18333333333333
5,545983.5,BRONX,Claremont Village,94,40.83142834161551,-73.90119903387674,33.93333333333333,49.95,33.53333333333333
6,434850.0,BRONX,Clason Point,10,40.80655112003594,-73.85414416189273,37.18333333333333,90.71666666666668,33.5
7,182250.0,BRONX,Co-op City,33,40.874294193030146,-73.82993910812405,40.8,94.33333333333331,35.56666666666667
8,267970.0,BRONX,Concourse,85,40.83428380733855,-73.91558941773452,32.516666666666666,52.05,36.05
9,387304.0,BRONX,Concourse Village,128,40.82478049084294,-73.91584652759016,33.03333333333333,46.68333333333333,35.583333333333336
10,598389.5,BRONX,Country Club,7,40.844245936947424,-73.82409926753857,35.11666666666667,81.21666666666667,28.86666666666667
11,480469.0,BRONX,East Tremont,109,40.84269615786057,-73.88735617532346,33.166666666666664,50.56666666666667,32.46666666666667
12,668210.0,BRONX,Eastchester,12,40.88755567735082,-73.82780644716419,36.95,84.53333333333333,31.73333333333333
13,550497.0,BRONX,Edenwald,35,40.88456130303736,-73.84808271877175,40.2,71.95,34.98333333333333
14,321028.0,BRONX,Edgewater Park,7,40.82198611816354,-73.81388514428627,32.8,87.46666666666668,27.8
15,1136226.0,BRONX,Fieldston,3,40.89543742690388,-73.90564259591689,31.516666666666666,61.76666666666666,39.45
16,245679.0,BRONX,Fordham,138,40.86099679638657,-73.89642655981629,36.3,40.23333333333333,35.583333333333336
17,455173.0,BRONX,High  Bridge,72,40.8366230107061,-73.92610209358138,28.966666666666665,52.33333333333334,32.516666666666666
18,631906.5,BRONX,Hunts Point,26,40.80972987938713,-73.88331505955298,32.36666666666667,67.6,32.38333333333333
19,328997.5,BRONX,Kingsbridge,43,40.881687371205246,-73.90281798724611,35.333333333333336,45.86666666666667,38.18333333333333
20,595731.0,BRONX,Longwood,59,40.81509904545826,-73.89578820094465,28.2,46.88333333333333,29.68333333333333
21,474500.5,BRONX,Melrose,93,40.81975437059498,-73.90942160757443,31.11666666666667,40.28333333333333,34.666666666666664
22,641327.0,BRONX,Morris Heights,39,40.84789792606274,-73.91967159119572,29.61666666666667,59.86666666666667,34.25
23,626357.5,BRONX,Morris Park,22,40.847549063536384,-73.85040178030428,36.11666666666667,77.8,29.766666666666666
24,388329.0,BRONX,Morrisania,74,40.82359198585537,-73.90150648943066,33.083333333333336,42.0,35.166666666666664
25,656187.5,BRONX,Mott Haven,114,40.80623874935181,-73.91609987487583,24.83333333333333,45.01666666666666,28.38333333333333
26,276727.0,BRONX,Mount Eden,45,40.84382617671658,-73.91655551964428,30.23333333333333,50.03333333333333,31.58333333333333
27,505001.5,BRONX,Mount Hope,89,40.84884160724669,-73.90829930881995,31.766666666666666,40.81666666666667,34.416666666666664
28,812447.5,BRONX,North Riverdale,10,40.9085428295067,-73.90453054908934,33.583333333333336,75.46666666666667,43.8
29,221897.0,BRONX,Norwood,52,40.87722415599449,-73.87939073956818,37.516666666666666,51.48333333333333,34.916666666666664
30,422622.5,BRONX,Olinville,65,40.87137078192375,-73.86332361652785,37.91666666666666,56.3,35.583333333333336
31,236411.0,BRONX,Parkchester,27,40.83793782226733,-73.8560031053579,37.3,68.53333333333333,32.083333333333336
32,594422.0,BRONX,Pelham Bay,12,40.850641409403394,-73.83207378240479,34.2,71.53333333333333,29.216666666666665
33,561897.0,BRONX,Pelham Gardens,18,40.86296562478002,-73.8416119483123,35.55,87.3,29.2
34,625382.5,BRONX,Pelham Parkway,23,40.85741349808869,-73.85475564018006,34.98333333333333,64.38333333333334,28.63333333333333
35,424923.5,BRONX,Port Morris,12,40.801663627756255,-73.91322139386142,25.716666666666665,60.75,29.25
36,545332.0,BRONX,Riverdale,7,40.89083449389135,-73.91258546108577,30.08333333333333,60.21666666666667,40.31666666666667
37,562859.0,BRONX,Schuylerville,38,40.82657951686926,-73.82620275994081,30.43333333333333,86.86666666666666,25.966666666666665
38,666142.5,BRONX,Soundview,76,40.82101219791406,-73.86574609554933,30.13333333333333,74.15,28.466666666666665
39,385721.5,BRONX,Spuyten Duyvil,9,40.8813949772709,-73.91719048210399,29.23333333333333,59.0,39.35
40,449917.0,BRONX,Throgs Neck,4,40.815109258040096,-73.8163500215845,34.46666666666667,97.91666666666669,28.16666666666667
41,588603.0,BRONX,Unionport,16,40.829774297871644,-73.85053524451942,31.466666666666665,67.13333333333334,27.23333333333333
42,408305.0,BRONX,University Heights,70,40.855727077196676,-73.91041596191317,33.93333333333333,56.25,38.05
43,500152.5,BRONX,Van Nest,53,40.84360847124722,-73.86629918075617,33.416666666666664,54.66666666666666,31.23333333333333
44,558734.0,BRONX,Wakefield,35,40.89470517661004,-73.8472005205491,40.1,71.61666666666666,36.41666666666666
45,498512.0,BRONX,West Farms,62,40.83947505672657,-73.87774474910552,29.73333333333333,48.08333333333334,28.55
46,544297.5,BRONX,Westchester Square,29,40.84061949643274,-73.8421940760445,32.36666666666667,64.23333333333333,26.0
47,467897.0,BRONX,Williamsbridge,43,40.881038878192136,-73.85744642974214,38.65,62.88333333333333,35.25
48,598682.0,BRONX,Woodlawn,24,40.89827261213809,-73.86731496814183,36.61666666666667,73.9,34.45
49,914863.0,BROOKLYN,Bath Beach,39,40.599518702822415,-73.99875221443526,39.016666666666666,54.2,26.66666666666667
50,1098888.0,BROOKLYN,Bay Ridge,47,40.625801065010684,-74.0306206935382,38.2,51.3,33.766666666666666
51,1248311.0,BROOKLYN,Bedford Stuyvesant,170,40.6872316077205,-73.94178488690305,34.333333333333336,39.65,35.46666666666667
52,997118.0,BROOKLYN,Bensonhurst,47,40.61100890202048,-73.99517998380736,42.43333333333333,50.63333333333333,32.333333333333336
53,842824.5,BROOKLYN,Bergen Beach,2,40.61514955045313,-73.89855633630323,55.16666666666666,84.33333333333333,28.35
54,1747683.0,BROOKLYN,Boerum Hill,44,40.687241380657376,-73.98357724689187,27.7,24.48333333333333,38.11666666666667
55,1144638.0,BROOKLYN,Borough Park,40,40.63313051275804,-73.99049823044818,38.7,42.31666666666667,41.5
56,456419.0,BROOKLYN,Brighton Beach,44,40.57682506566609,-73.96509448785343,45.45,50.06666666666667,25.266666666666666
57,818018.0,BROOKLYN,Broadway Junction,66,40.67786104769535,-73.90331684852606,35.21666666666667,39.21666666666667,24.45
58,1779544.0,BROOKLYN,Brooklyn Heights,20,40.695863722724134,-73.99378225496432,26.466666666666665,26.1,36.36666666666667
59,667099.0,BROOKLYN,Brownsville,103,40.663949943397576,-73.91023536176615,41.56666666666667,42.63333333333333,27.18333333333333
60,1093899.5,BROOKLYN,Bushwick,144,40.69811611017905,-73.92525797487053,31.016666666666666,38.96666666666667,33.266666666666666
61,531864.0,BROOKLYN,Canarsie,44,40.63556432797432,-73.90209269778974,47.28333333333333,76.96666666666667,20.983333333333334
62,1126667.5,BROOKLYN,Carroll Gardens,15,40.682131885641844,-74.00037274122077,28.28333333333333,34.55,37.61666666666667
63,639509.0,BROOKLYN,City Line,54,40.67856995727482,-73.86797598081344,39.11666666666667,53.36666666666667,16.116666666666667
64,1265286.5,BROOKLYN,Clinton Hill,38,40.69322942188155,-73.96784306216374,26.43333333333333,36.28333333333333,33.81666666666667
65,2707548.5,BROOKLYN,Cobble Hill,11,40.68791972248561,-73.99856139218471,27.11666666666667,37.81666666666667,36.43333333333333
66,581878.0,BROOKLYN,Coney Island,43,40.574292564716046,-73.98868295821644,44.01666666666666,62.01666666666666,27.85
67,1076606.0,BROOKLYN,Crown Heights,63,40.67082917695298,-73.9432911907359,38.53333333333333,34.1,33.36666666666667
68,712389.0,BROOKLYN,Cypress Hills,31,40.6846357939163,-73.87583132262634,33.6,53.43333333333333,19.616666666666667
69,962283.5,BROOKLYN,Ditmas Park,23,40.64367518334101,-73.96101312466787,36.333333333333336,35.46666666666667,39.73333333333333
70,766078.0,BROOKLYN,Downtown,67,40.69084402109806,-73.98346337431107,23.23333333333333,21.316666666666666,33.666666666666664
71,1280986.0,BROOKLYN,Dumbo,6,40.70317632822696,-73.98875280745047,24.5,27.13333333333333,34.9
72,988767.5,BROOKLYN,Dyker Heights,23,40.61921945772268,-74.01931375636029,34.56666666666667,58.2,31.7
73,579554.0,BROOKLYN,East Flatbush,47,40.64171776668965,-73.93610256185843,46.38333333333333,55.3,31.466666666666665
74,701834.0,BROOKLYN,East New York,58,40.66992570084708,-73.88069863917373,41.0,53.21666666666667,17.9
75,1111315.0,BROOKLYN,East Williamsburg,88,40.70849241041552,-73.93885815269203,25.6,23.766666666666666,32.0
76,1197101.0,BROOKLYN,Flatbush,46,40.63632589026681,-73.95840106533913,38.9,38.333333333333336,35.28333333333333
77,565541.0,BROOKLYN,Flatlands,32,40.6304460437575,-73.92911302644681,49.95,61.8,26.61666666666667
78,1643528.0,BROOKLYN,Fort Greene,36,40.688527260189815,-73.97290574369099,27.966666666666665,30.95,38.38333333333333
79,814413.0,BROOKLYN,Fort Hamilton,18,40.614768126942295,-74.0319791453799,35.86666666666667,48.9,28.66666666666667
80,3465738.5,BROOKLYN,Fulton Ferry,1,40.70328109093018,-73.99550751888422,25.566666666666666,27.53333333333333,35.85
81,506564.0,BROOKLYN,Georgetown,17,40.62384524478424,-73.91607483951331,54.93333333333333,68.45,26.66666666666667
82,572826.0,BROOKLYN,Gerritsen Beach,23,40.590848433902075,-73.93010170691203,49.31666666666667,76.05,27.48333333333333
83,1134676.0,BROOKLYN,Gowanus,30,40.673931143187204,-73.99444087145346,28.35,35.81666666666667,39.5
84,823660.0,BROOKLYN,Gravesend,38,40.59526001306597,-73.97347087708451,44.45,53.7,26.316666666666666
85,1778795.0,BROOKLYN,Greenpoint,43,40.73020098486474,-73.954240931274,17.9,38.53333333333333,29.91666666666667
86,693586.0,BROOKLYN,Highland Park,29,40.682485511016935,-73.8902809854761,33.9,51.41666666666666,21.0
87,779123.0,BROOKLYN,Homecrest,29,40.59852509513729,-73.9591845942871,46.58333333333334,44.65,28.25
88,1199048.5,BROOKLYN,Kensington,30,40.64238195800357,-73.98042110559481,33.63333333333333,40.35,41.583333333333336
89,802419.5,BROOKLYN,Madison,13,40.609377701137696,-73.948415153289,48.16666666666666,49.05,28.61666666666667
90,1564857.0,BROOKLYN,Manhattan Beach,3,40.57791350308661,-73.94353722891893,47.21666666666667,71.75,25.33333333333333
91,578491.5,BROOKLYN,Manhattan Terrace,19,40.614432513351026,-73.95743840559945,44.53333333333333,43.9,31.216666666666665
92,721422.0,BROOKLYN,Marine Park,29,40.60974777989464,-73.93134404108504,49.46666666666667,67.63333333333334,23.1
93,429594.0,BROOKLYN,Midwood,31,40.62559589869847,-73.95759523489845,41.4,38.266666666666666,32.88333333333333
94,642533.0,BROOKLYN,Mill Basin,9,40.615974239623405,-73.91515391550409,49.95,66.46666666666667,23.6
95,1050585.0,BROOKLYN,Mill Island,4,40.60633642168567,-73.90818571777432,53.55,80.83333333333333,27.2
96,1068453.5,BROOKLYN,Navy Yard,11,40.698790872180545,-73.97164435527614,26.4,39.91666666666666,33.98333333333333
97,588359.0,BROOKLYN,New Lots,94,40.66274427969663,-73.885117763793,40.31666666666667,51.51666666666666,18.85
98,1200409.5,BROOKLYN,North Side,40,40.714822906532056,-73.95880857587589,26.38333333333333,20.616666666666667,32.833333333333336
99,916268.0,BROOKLYN,Ocean Hill,78,40.6784025547954,-73.91306831787405,36.9,38.13333333333333,26.05
100,874685.0,BROOKLYN,Ocean Parkway,29,40.613059766679456,-73.96836678035548,39.13333333333333,50.58333333333334,30.53333333333333
101,630018.0,BROOKLYN,Paerdegat Basin,11,40.63131755039671,-73.90233474295844,45.45,73.38333333333334,19.15
102,1397456.0,BROOKLYN,Park Slope,24,40.672320522682014,-73.97705030183931,33.833333333333336,32.2,42.16666666666666
103,1094062.0,BROOKLYN,Prospect Heights,75,40.676822262254774,-73.96485924262697,32.28333333333333,31.216666666666665,39.61666666666667
104,752056.0,BROOKLYN,Prospect Lefferts Gardens,104,40.65842001746986,-73.95489867077721,39.35,38.16666666666666,40.18333333333333
105,716567.0,BROOKLYN,Prospect Park South,34,40.64700860318523,-73.96261316716055,36.766666666666666,34.45,40.15
106,1213512.0,BROOKLYN,Red Hook,22,40.67625323025092,-74.01275897473569,29.5,43.4,38.35
107,599275.5,BROOKLYN,Remsen Village,48,40.65211745179353,-73.91665331978055,46.16666666666666,55.65,25.45
108,609533.0,BROOKLYN,Rugby,55,40.655572313280814,-73.92688212616963,47.78333333333333,53.46666666666667,28.95
109,597971.5,BROOKLYN,Sea Gate,13,40.576375378902284,-74.00787311200247,46.41666666666666,90.76666666666668,30.25
110,636122.0,BROOKLYN,Sheepshead Bay,21,40.58689012678388,-73.94318640482987,44.16666666666666,57.15,22.716666666666665
111,1140374.0,BROOKLYN,South Side,21,40.710861472650684,-73.95800095153338,28.0,30.55,36.016666666666666
112,572618.5,BROOKLYN,Spring Creek,29,40.657139276582775,-73.86998779106547,40.78333333333333,66.95,14.483333333333333
113,661042.0,BROOKLYN,Starrett City,20,40.64758905230878,-73.87936970045881,41.0,70.46666666666667,14.7
114,1248396.0,BROOKLYN,Sunset Park,103,40.64510294925433,-74.01031618527792,36.66666666666666,37.48333333333333,36.98333333333333
115,915289.0,BROOKLYN,Vinegar Hill,5,40.703321498828785,-73.98111603592399,25.3,44.31666666666667,34.46666666666667
116,1027587.0,BROOKLYN,Weeksville,115,40.6750398650324,-73.93053108817347,40.43333333333333,44.71666666666667,29.98333333333333
117,1456207.0,BROOKLYN,Williamsburg,36,40.70714439344255,-73.95811529220936,25.15,27.98333333333333,31.566666666666666
118,1527697.0,BROOKLYN,Windsor Terrace,16,40.656945835751074,-73.98007340430179,31.1,40.71666666666667,39.48333333333333
119,654570.0,BROOKLYN,Wingate,45,40.66094656188115,-73.9371868055932,43.0,50.16666666666666,34.55
120,1570748.0,MANHATTAN,Battery Park City,10,40.71193198394569,-74.01686930508625,21.066666666666666,24.55,40.73333333333333
121,941459.0,MANHATTAN,Carnegie Hill,58,40.78268256712574,-73.9532564683712,23.11666666666667,22.7,34.2
122,775059.0,MANHATTAN,Central Harlem,202,40.81597606742418,-73.94321112603912,26.61666666666667,32.4,32.45
123,1017463.0,MANHATTAN,Chelsea,85,40.744034706748025,-74.0031163347282,9.866666666666667,16.416666666666668,43.33333333333334
124,1002600.0,MANHATTAN,Chinatown,42,40.715618422314364,-73.99427936255984,21.266666666666666,20.983333333333334,35.11666666666667
125,2076404.5,MANHATTAN,Civic Center,34,40.71522892046285,-74.00541529873362,16.883333333333333,18.08333333333333,39.7
126,779892.5,MANHATTAN,Clinton,118,40.7583336869064,-73.99640768221386,10.333333333333334,15.883333333333333,40.63333333333333
127,827610.0,MANHATTAN,East Harlem,225,40.792249466630366,-73.94418223148531,23.6,38.6,31.0
128,903317.0,MANHATTAN,East Village,37,40.72784677727029,-73.98222616506425,16.483333333333334,20.366666666666667,36.55
129,1202878.0,MANHATTAN,Financial District,65,40.707107107270524,-74.01066544521277,24.8,20.7,43.33333333333334
130,1519790.0,MANHATTAN,Flatiron,101,40.73967304763847,-73.99094710528267,6.583333333333332,11.216666666666667,36.98333333333333
131,851037.0,MANHATTAN,Gramercy,62,40.737209832715045,-73.98137594833548,13.416666666666664,18.7,33.016666666666666
132,1679017.5,MANHATTAN,Greenwich Village,48,40.72693288536132,-73.99991402945909,11.183333333333335,15.166666666666664,39.5
133,772320.0,MANHATTAN,Hamilton Heights,126,40.82360428481197,-73.94968791883373,27.11666666666667,32.68333333333333,36.016666666666666
134,478409.0,MANHATTAN,Inwood,57,40.867683964499186,-73.92121042203905,28.88333333333333,42.0,37.06666666666667
135,999444.0,MANHATTAN,Lenox Hill,28,40.768112658287365,-73.95885968813765,21.416666666666668,13.15,37.86666666666667
136,1066367.0,MANHATTAN,Lincoln Square,122,40.773528889421705,-73.9853377700127,18.966666666666665,19.4,42.85
137,1397524.0,MANHATTAN,Little Italy,21,40.719323793959106,-73.99730467208079,16.1,17.166666666666668,36.95
138,956284.0,MANHATTAN,Lower East Side,76,40.717806748927686,-73.98089031999298,18.15,28.43333333333333,35.31666666666667
139,1040904.0,MANHATTAN,Manhattan Valley,83,40.7973070417029,-73.96428617740662,24.966666666666665,25.88333333333333,39.8
140,758131.5,MANHATTAN,Manhattanville,76,40.81693442949784,-73.95738539351888,23.966666666666665,34.5,37.91666666666666
141,519675.5,MANHATTAN,Marble Hill,1,40.87655077879968,-73.91065965862988,34.78333333333333,45.28333333333333,38.5
142,1058101.0,MANHATTAN,Midtown,117,40.754691102706275,-73.98166882730311,9.3,11.583333333333336,38.11666666666667
143,1255071.5,MANHATTAN,Midtown South,134,40.74850966431225,-73.98871313285254,0.0,0.0,34.25
144,742687.0,MANHATTAN,Morningside Heights,27,40.80799973816586,-73.96389627905339,27.25,38.55,42.333333333333336
145,711365.0,MANHATTAN,Murray Hill,44,40.748303077252224,-73.97833207924134,7.566666666666666,3.1666666666666665,28.816666666666666
146,1108952.0,MANHATTAN,Noho,63,40.72325901885772,-73.98843368023604,17.383333333333333,21.8,37.48333333333333
147,718267.0,MANHATTAN,Roosevelt Island,3,40.762403730702246,-73.9494705736962,24.18333333333333,19.35,35.65
148,3510702.0,MANHATTAN,Soho,29,40.72218384131798,-74.00065666959766,12.9,15.2,39.46666666666667
149,836911.0,MANHATTAN,Stuyvesant Town,14,40.73099955477065,-73.9740517046921,15.083333333333336,17.983333333333334,33.5
150,1157966.0,MANHATTAN,Sutton Place,59,40.76028033131378,-73.9635561409431,18.733333333333334,20.633333333333333,32.45
151,3579060.5,MANHATTAN,Tribeca,20,40.72152196744325,-74.01068328559093,16.3,21.05,43.78333333333333
152,873520.0,MANHATTAN,Tudor City,13,40.74691741074023,-73.97121928722272,12.083333333333336,23.65,28.6
153,868950.0,MANHATTAN,Turtle Bay,38,40.75204236950726,-73.96770824581843,13.766666666666667,21.766666666666666,30.216666666666665
154,1627817.0,MANHATTAN,Upper East Side,20,40.77563857330185,-73.96050763135005,21.716666666666665,18.2,37.25
155,1195420.0,MANHATTAN,Upper West Side,67,40.7876579985349,-73.97705923630609,22.03333333333333,17.283333333333335,42.06666666666667
156,585055.0,MANHATTAN,Washington Heights,121,40.85190252555309,-73.93690027985242,27.78333333333333,38.68333333333333,36.63333333333333
157,1376298.0,MANHATTAN,West Village,32,40.734433935724375,-74.00617998126819,11.5,8.783333333333333,44.83333333333334
158,743266.0,MANHATTAN,Yorkville,35,40.77592984988492,-73.94711784471833,18.966666666666665,19.516666666666666,31.86666666666667
159,922134.0,QUEENS,Arverne,18,40.58914394372975,-73.7919923313695,54.71666666666667,76.51666666666667,28.41666666666667
160,1374460.0,QUEENS,Astoria,76,40.768508593354966,-73.9156537430424,22.98333333333333,30.53333333333333,25.55
161,1158351.0,QUEENS,Astoria Heights,11,40.770317392998244,-73.89467996270581,23.25,113.45,24.38333333333333
162,894334.0,QUEENS,Auburndale,10,40.761729549032665,-73.79176243728068,31.45,30.766666666666666,27.13333333333333
163,896975.0,QUEENS,Bay Terrace,6,40.782842806245604,-73.77680222621588,31.566666666666666,47.68333333333333,23.6
164,975283.0,QUEENS,Bayside,22,40.76604063281068,-73.77427363068676,30.43333333333333,36.36666666666667,24.4
165,1026172.5,QUEENS,Beechhurst,5,40.79278140360052,-73.80436451720995,28.83333333333333,89.21666666666668,22.466666666666665
166,680868.5,QUEENS,Bellaire,20,40.733014040278384,-73.73889198912487,32.48333333333333,57.45,17.916666666666668
167,870570.0,QUEENS,Belle Harbor,2,40.57615556543113,-73.85401750392529,50.75,101.43333333333334,24.45
168,626697.0,QUEENS,Bellerose,13,40.72857318176679,-73.7201281482691,32.63333333333333,70.71666666666667,17.483333333333334
169,1158119.0,QUEENS,Blissville,13,40.737250716945006,-73.93244235260184,14.133333333333333,27.11666666666667,31.63333333333333
170,712692.0,QUEENS,Briarwood,39,40.710935472522756,-73.81174822458641,29.68333333333333,50.63333333333333,15.816666666666665
171,424867.0,QUEENS,Broad Channel,2,40.60302658351242,-73.82005489110327,46.71666666666667,75.98333333333333,20.416666666666668
172,532168.0,QUEENS,Brookville,7,40.660003227336155,-73.75175310731159,39.9,55.65,12.95
173,499317.5,QUEENS,Cambria Heights,15,40.69277463916089,-73.73526873708033,37.25,78.61666666666666,13.7
174,853173.0,QUEENS,College Point,20,40.78490274926025,-73.84304528896132,32.4,71.83333333333333,26.05
175,1023615.0,QUEENS,Douglaston,2,40.76684609790768,-73.74249820727339,32.38333333333333,41.56666666666667,22.216666666666665
176,820455.0,QUEENS,Downtown Flushing,72,40.761163620818756,-73.82936758711861,27.83333333333333,34.73333333333333,21.48333333333333
177,934862.5,QUEENS,East Elmhurst,36,40.76407323883095,-73.8670414765878,26.1,62.11666666666667,20.716666666666665
178,555755.5,QUEENS,Edgemere,12,40.595641807368544,-73.77613282391712,56.01666666666666,77.58333333333333,31.25
179,1071081.5,QUEENS,Elmhurst,66,40.74404850512207,-73.88165622288395,23.61666666666667,29.83333333333333,27.16666666666667
180,619949.0,QUEENS,Far Rockaway,60,40.60313443250093,-73.7549796804388,52.08333333333334,81.88333333333334,27.3
181,653057.0,QUEENS,Floral Park,6,40.74137842194548,-73.70884705889253,33.31666666666667,69.05,19.516666666666666
182,1429265.0,QUEENS,Forest Hills,23,40.725263782165065,-73.84447500788991,25.38333333333333,41.46666666666667,16.683333333333334
183,1167773.0,QUEENS,Forest Hills Gardens,5,40.71461108151174,-73.84102211234017,30.05,47.08333333333334,19.1
184,994190.0,QUEENS,Fresh Meadows,13,40.73439446533133,-73.7827133700327,31.466666666666665,61.21666666666667,24.61666666666667
185,675657.0,QUEENS,Glen Oaks,12,40.74944079974336,-73.71548118999151,33.083333333333336,71.38333333333334,19.966666666666665
186,760373.5,QUEENS,Glendale,20,40.702762429678415,-73.87074167435614,30.5,71.15,21.91666666666667
187,861669.0,QUEENS,Hillcrest,6,40.72382490182924,-73.7976030091268,30.0,49.53333333333333,19.25
188,555294.0,QUEENS,Hollis,25,40.71124344191908,-73.75925009335602,35.1,64.38333333333334,21.766666666666666
189,969171.0,QUEENS,Holliswood,12,40.72095720764445,-73.76714166714736,30.38333333333333,61.56666666666667,20.983333333333334
190,740014.5,QUEENS,Howard Beach,14,40.654225277384896,-73.83813764600289,40.28333333333333,83.66666666666667,13.983333333333333
191,1250152.0,QUEENS,Hunters Point,20,40.74341409007358,-73.95386782130754,15.3,25.13333333333333,26.08333333333333
192,941528.0,QUEENS,Jackson Heights,74,40.75198138007372,-73.88282109164372,24.65,30.216666666666665,26.18333333333333
193,635173.0,QUEENS,Jamaica Center,55,40.704657360687214,-73.79690165888294,33.75,38.7,18.08333333333333
194,909148.5,QUEENS,Jamaica Estates,12,40.71680483014617,-73.78722696936667,29.3,53.6,20.733333333333334
195,924499.0,QUEENS,Jamaica Hills,15,40.711459643704856,-73.796464620816,30.85,48.55,19.6
196,1133736.0,QUEENS,Kew Gardens,16,40.70517903541485,-73.82981905825709,29.8,55.31666666666667,17.283333333333335
197,844107.5,QUEENS,Kew Gardens Hills,12,40.722578244228075,-73.82087764933574,27.15,49.51666666666666,16.933333333333334
198,491495.0,QUEENS,Laurelton,21,40.66788389660249,-73.7402560798983,38.21666666666667,52.55,11.266666666666667
199,949564.0,QUEENS,Lefrak City,50,40.736074570830844,-73.86252471413745,25.41666666666667,40.6,20.383333333333333
200,682264.0,QUEENS,Lindenwood,12,40.66391841925143,-73.84963782402448,38.75,83.46666666666667,12.45
201,1326193.0,QUEENS,Long Island City,30,40.750217346105316,-73.93920223915512,19.1,17.166666666666668,30.03333333333333
202,1110734.0,QUEENS,Malba,7,40.79060155670153,-73.8266775713865,28.4,63.5,22.05
203,833202.5,QUEENS,Maspeth,19,40.72542737409365,-73.89621713626867,18.58333333333333,44.65,21.35
204,789537.0,QUEENS,Middle Village,14,40.71641451115823,-73.88114319200609,25.28333333333333,64.43333333333334,25.91666666666667
205,1169898.0,QUEENS,Murray Hill,27,40.7641261226141,-73.81276269135874,31.266666666666666,27.83333333333333,24.91666666666667
206,1270646.0,QUEENS,Neponsit,4,40.57203673021705,-73.85754672410836,49.95,108.23333333333332,23.65
207,1002355.0,QUEENS,North Corona,45,40.75407099904894,-73.85751790676454,25.5,46.2,18.616666666666667
208,975464.0,QUEENS,Oakland Gardens,11,40.745618571418575,-73.75494976234339,29.5,52.21666666666667,20.716666666666665
209,630938.0,QUEENS,Ozone Park,55,40.680708468265465,-73.84320266173454,34.36666666666667,53.8,16.466666666666665
210,863843.5,QUEENS,Pomonok,19,40.73493618075482,-73.80486120040544,27.066666666666666,61.36666666666667,21.78333333333333
211,552230.5,QUEENS,Queens Village,27,40.7188930921674,-73.73871484578433,33.7,68.33333333333333,18.85
212,1000769.0,QUEENS,Queensboro Hill,17,40.744572309286745,-73.82580915110564,23.63333333333333,55.26666666666666,19.45
213,1200520.0,QUEENS,Ravenswood,46,40.76170452605419,-73.93157506072886,23.216666666666665,29.266666666666666,29.93333333333333
214,886887.0,QUEENS,Rego Park,20,40.72897409480739,-73.85782686905377,23.65,35.61666666666667,20.716666666666665
215,742586.0,QUEENS,Richmond Hill,63,40.69794731471767,-73.83183321446894,31.75,43.43333333333333,18.316666666666666
216,848910.0,QUEENS,Ridgewood,80,40.70832315613862,-73.90143517559595,26.11666666666667,46.63333333333333,27.78333333333333
217,601041.0,QUEENS,Rochdale,66,40.675211395917366,-73.77258787620913,38.13333333333333,68.18333333333334,11.183333333333335
218,719085.0,QUEENS,Rockaway Park,7,40.58034295646135,-73.84153370226194,52.1,87.08333333333331,25.8
219,554105.0,QUEENS,Rosedale,16,40.65981643342812,-73.73526079428285,39.88333333333333,55.0,12.933333333333335
220,540126.0,QUEENS,Seaside,37,40.58280169684563,-73.82236121088758,52.11666666666667,79.71666666666667,25.816666666666666
221,604125.0,QUEENS,Somerville,8,40.59771061565772,-73.79664750844056,55.45,79.61666666666666,29.15
222,1103405.5,QUEENS,South Corona,35,40.7423817501567,-73.85682497345266,25.35,53.31666666666667,21.383333333333333
223,540509.0,QUEENS,South Jamaica,61,40.69691125378992,-73.79042613135549,35.833333333333336,60.61666666666667,17.266666666666666
224,565422.5,QUEENS,South Ozone Park,52,40.66854957767199,-73.8098647864905,35.78333333333333,102.88333333333334,9.9
225,575402.0,QUEENS,Springfield Gardens,15,40.66623049036863,-73.76042092682295,37.98333333333333,54.25,12.333333333333336
226,525089.0,QUEENS,St. Albans,35,40.69444538522363,-73.75867603727725,38.93333333333333,65.61666666666666,18.816666666666666
227,895391.0,QUEENS,Steinway,8,40.77592301564293,-73.90228960391681,24.66666666666667,39.36666666666667,25.8
228,1156065.0,QUEENS,Sunnyside,13,40.74017628351928,-73.92691617561584,17.833333333333332,36.06666666666667,25.9
229,762619.0,QUEENS,Sunnyside Gardens,34,40.7456518060808,-73.91819286431691,23.43333333333333,20.85,29.68333333333333
230,943645.0,QUEENS,Utopia,7,40.7335002542976,-73.79671678028356,29.16666666666667,70.36666666666666,23.11666666666667
231,1008314.0,QUEENS,Whitestone,13,40.78129076602698,-73.8142021661087,28.8,60.01666666666666,22.45
232,673608.0,QUEENS,Woodhaven,42,40.68988687915793,-73.85811046554328,33.5,56.68333333333333,20.08333333333333
233,938634.5,QUEENS,Woodside,42,40.746349088602265,-73.9018416683829,21.2,18.35,26.03333333333333
234,748585.0,STATEN ISLAND,Annadale,3,40.538114174745104,-74.17854866165884,47.35,80.88333333333334,50.71666666666667
235,621176.5,STATEN ISLAND,Arden Heights,8,40.549285822783254,-74.185886745839,44.43333333333333,100.28333333333332,47.8
236,389937.0,STATEN ISLAND,Arlington,18,40.635325099114965,-74.16510420241131,37.93333333333333,76.2,43.55
237,621200.0,STATEN ISLAND,Arrochar,6,40.596312571276776,-74.06712363225581,38.5,66.53333333333333,32.73333333333333
238,534856.0,STATEN ISLAND,Bay Terrace,7,40.55398800858465,-74.13916622175775,52.81666666666667,62.68333333333333,49.61666666666667
239,618980.0,STATEN ISLAND,Bulls Head,12,40.60959180042034,-74.15940948657129,37.98333333333333,71.85,38.28333333333333
240,636237.0,STATEN ISLAND,Castleton Corners,5,40.61333593766747,-74.1191805853485,39.266666666666666,61.08333333333334,35.75
241,525170.0,STATEN ISLAND,Clifton,3,40.61917845202847,-74.07264244548406,42.73333333333333,57.73333333333333,36.95
242,591857.0,STATEN ISLAND,Concord,4,40.60447318968794,-74.08402364740365,39.65,43.56666666666667,33.86666666666667
243,653943.0,STATEN ISLAND,Dongan Hills,6,40.58867294819932,-74.09639905312528,46.03333333333333,46.7,40.25
244,716103.5,STATEN ISLAND,Egbertville,2,40.579118742961256,-74.12727240604953,45.25,106.61666666666666,41.88333333333333
245,494919.0,STATEN ISLAND,Elm Park,15,40.63014674119387,-74.14181678968897,39.3,70.68333333333334,39.78333333333333
246,645960.0,STATEN ISLAND,Eltingville,9,40.54223074745079,-74.16433080419367,49.63333333333333,67.3,52.43333333333333
247,1127985.0,STATEN ISLAND,Emerson Hill,4,40.60679439480104,-74.09776206972529,42.11666666666667,59.31666666666667,36.333333333333336
248,447423.0,STATEN ISLAND,Graniteville,28,40.620171512231934,-74.1531524638777,36.6,77.16666666666667,38.46666666666667
249,575531.0,STATEN ISLAND,Grant City,9,40.57621558711792,-74.10585598545441,48.41666666666666,47.03333333333333,42.65
250,632809.0,STATEN ISLAND,Grasmere,8,40.598268359599956,-74.07667436279057,39.11666666666667,66.8,33.18333333333333
251,574283.0,STATEN ISLAND,Great Kills,12,40.54948022871365,-74.14932381490998,54.36666666666667,69.25,51.7
252,466087.0,STATEN ISLAND,Greenridge,5,40.55971249634296,-74.19150620964295,42.38333333333333,80.55,45.75
253,531685.5,STATEN ISLAND,Grymes Hill,10,40.62418479131304,-74.08724819983736,45.6,64.03333333333333,39.81666666666667
254,584755.0,STATEN ISLAND,Heartland Village,27,40.589138948752854,-74.15902208156608,42.8,61.73333333333333,42.9
255,777569.5,STATEN ISLAND,Huguenot,2,40.53191192048964,-74.1917410574782,45.56666666666667,87.4,48.93333333333333
256,751077.0,STATEN ISLAND,Manor Heights,6,40.60180957631448,-74.12059399718008,40.75,76.7,37.083333333333336
257,377161.0,STATEN ISLAND,Mariner's Harbor,10,40.632546390481174,-74.15008537046988,38.55,72.05,39.56666666666667
258,474654.0,STATEN ISLAND,Midland Beach,2,40.57352690574288,-74.09348266303599,44.61666666666667,56.83333333333334,38.85
259,421353.0,STATEN ISLAND,New Brighton,16,40.640614559135145,-74.08701650516633,48.61666666666667,83.81666666666666,42.833333333333336
260,641942.5,STATEN ISLAND,New Dorp,3,40.572572318206355,-74.11647943606387,49.06666666666667,55.3,44.75
261,551919.0,STATEN ISLAND,New Dorp Beach,2,40.56425549307338,-74.10432707469131,52.21666666666667,61.68333333333333,46.45
262,705073.0,STATEN ISLAND,New Springville,4,40.594252379161745,-74.16496031329834,39.88333333333333,118.98333333333332,42.45
263,611346.5,STATEN ISLAND,Oakwood,5,40.55846224328885,-74.12156593771905,53.5,54.65,47.73333333333333
264,650334.0,STATEN ISLAND,Old Town,8,40.59632891379517,-74.08751118005587,42.766666666666666,38.13333333333333,36.98333333333333
265,445664.0,STATEN ISLAND,Park Hill,19,40.609190444345614,-74.08015734936303,41.06666666666667,50.8,35.28333333333333
266,794828.0,STATEN ISLAND,Pleasant Plains,5,40.52469937611818,-74.21983106616784,45.11666666666667,97.11666666666666,48.48333333333333
267,305285.0,STATEN ISLAND,Port Ivory,4,40.63968297845546,-74.17464532993549,38.13333333333333,79.2,41.41666666666666
268,429201.0,STATEN ISLAND,Port Richmond,26,40.63366930554369,-74.12943426797015,41.91666666666666,56.23333333333333,42.95
269,869446.0,STATEN ISLAND,Prince's Bay,3,40.52626406734817,-74.20152556457666,45.35,89.08333333333331,48.71666666666667
270,634952.0,STATEN ISLAND,Randall Manor,5,40.635630006811546,-74.09805062373894,47.95,75.51666666666667,42.16666666666666
271,572104.5,STATEN ISLAND,Richmond Town,3,40.569605942755096,-74.13405729862578,48.51666666666666,71.61666666666666,45.13333333333333
272,844557.0,STATEN ISLAND,Richmond Valley,1,40.51954145748913,-74.22957080626948,46.16666666666666,90.83333333333331,49.53333333333333
273,537278.0,STATEN ISLAND,Rosebank,1,40.61530494652765,-74.06980526716148,41.516666666666666,59.6,35.96666666666667
274,628282.0,STATEN ISLAND,Rossville,7,40.54940400650077,-74.21572851113959,41.66666666666666,90.65,45.03333333333333
275,736092.5,STATEN ISLAND,Sandy Ground,4,40.5411399220918,-74.21776636068573,41.766666666666666,87.96666666666668,45.13333333333333
276,552808.5,STATEN ISLAND,Shore Acres,2,40.60971934079289,-74.06667766061778,39.28333333333333,41.38333333333333,33.35
277,563837.0,STATEN ISLAND,St. George,28,40.644981571004436,-74.07935312512805,50.23333333333333,69.01666666666667,44.3
278,522988.0,STATEN ISLAND,Stapleton,18,40.626927625381796,-74.07790192660073,45.16666666666666,58.96666666666667,39.38333333333333
279,673433.0,STATEN ISLAND,Sunnyside,7,40.612760157564935,-74.09712552178537,39.65,58.58333333333334,33.86666666666667
280,505362.0,STATEN ISLAND,Tompkinsville,14,40.637316067110355,-74.08055351790122,47.33333333333334,65.83333333333333,41.55
281,634621.5,STATEN ISLAND,Tottenville,9,40.50533376115647,-74.2465693423529,50.18333333333333,98.2,53.55
282,546654.0,STATEN ISLAND,Travis,1,40.586313751032854,-74.19073717538123,39.333333333333336,82.5,42.71666666666667
283,575809.5,STATEN ISLAND,West Brighton,19,40.63187892654611,-74.10718178265617,46.33333333333334,62.71666666666667,40.55
284,574338.0,STATEN ISLAND,Westerleigh,11,40.62109047275413,-74.13304143951713,40.766666666666666,70.61666666666666,39.65
285,689052.0,STATEN ISLAND,Willowbrook,5,40.60370692627375,-74.13208447484304,38.9,78.28333333333333,35.9
286,664472.5,STATEN ISLAND,Woodrow,3,40.53745265012707,-74.22135055371615,44.06666666666667,96.93333333333334,47.43333333333333
